Symptom,Disease
cellulitis,Orbital Cellulitis;Ludwig's Angina;Sinusitis;Tongue Diseases;Candidiasis;Appendicitis;Digital Dermatitis;Impetigo;Diabetes Mellitus, Type 2;Odontodysplasia;Eye Diseases;Pituitary Diseases;Mastitis;Maxillary Sinusitis;Dermatitis;Myiasis;Lymphedema;Osteomyelitis;Cellulitis
abdominal cramp,Gastrointestinal Diseases;Meckel Diverticulum;Intestinal Fistula;Gastrointestinal Microbiome;Intussusception;Irritable Bowel Syndrome;Intestinal Obstruction
abdominal distention,Caroli Disease;Binge-Eating Disorder;COVID-19;Papilloma;Coronary Aneurysm;Biliary Tract Neoplasms;Hirschsprung Disease;Celiac Disease;Gastric Dilatation;Gastroschisis;Cholangitis;Neuroendocrine Tumors;Craniosynostoses;Cholangiocarcinoma;Liver Diseases;Superior Mesenteric Artery Syndrome;Vascular Diseases;Choledochal Cyst;Connective Tissue Diseases;Intestinal Pseudo-Obstruction;Thrombosis;Loeys-Dietz Syndrome;Irritable Bowel Syndrome;Intestinal Obstruction
ataxia,Hypogonadism;Ataxia Telangiectasia;Dystonic Disorders;Fragile X Syndrome;Cerebellar Diseases;Cerebellar Ataxia;Spinocerebellar Degenerations;Machado-Joseph Disease;Spinocerebellar Ataxias;Dystonia
backache,Empathy;Arthritis;Radiculopathy
bleeding,Gastrointestinal Hemorrhage;Factor VII Deficiency;Hemorrhoids;Pyroptosis;Gout;Atrial Fibrillation;Kidney Diseases;Anemia;Sarcopenia;COVID-19;Liver Cirrhosis;Neuroinflammatory Diseases;Hyperuricemia
blindness,Retinitis Pigmentosa;Trigeminal Neuralgia;Diabetes Mellitus;Keratitis;Wolfram Syndrome;Carpal Tunnel Syndrome;Usher Syndromes;Uveitis;Diabetic Retinopathy;Glaucoma;Blindness
blister,Hand Dermatoses;Herpes Simplex;Sweet Syndrome;Pneumothorax;Intestinal Perforation;Chikungunya virus;Exanthema;Lung Diseases;Dermatitis;Skin Diseases;Pulmonary Emphysema;Erythema Multiforme;Chikungunya Fever;Autoimmune Diseases;Felty Syndrome;Neutropenia;Pemphigus
blurred vision,Cataract;Myopia;Dry Eye Syndromes
giddiness,
confusion,Hypotension;Aphasia;Malnutrition;Coronary Artery Bypass;Diabetes Mellitus, Type 2;Bipolar Disorder
crinkle,
darkening of skin,Hyperpigmentation
deafness,Retinitis Pigmentosa;Renal Insufficiency;Wolfram Syndrome;Meningitis;Usher Syndromes;Branchio-Oto-Renal Syndrome
dehydration,Kidney Diseases;Dysentery;Vitis
delirium,Hypotension;Malnutrition;Coronary Artery Bypass;Diabetes Mellitus, Type 2;Bipolar Disorder
depression,Depressive Disorder, Major;Hypertension;Hallucinogens;Dental Caries;Diabetes Mellitus, Type 2;Gastrointestinal Microbiome;COVID-19
disorientation,Hypotension;Aphasia;Malnutrition;Coronary Artery Bypass;Diabetes Mellitus, Type 2;Bipolar Disorder
drowsiness,Acquired Immunodeficiency Syndrome;Narcolepsy;Dry Eye Syndromes;Syndactyly;Gastrointestinal Microbiome
dry cough,Hypotension;Hypertension;Hypereosinophilic Syndrome;Respiratory System;Kidney Diseases;Cerebellar Ataxia;Central Nervous System Diseases;Pharyngitis;Asthma;Vestibular Diseases;COVID-19;Sarcoidosis;Granulomatosis with Polyangiitis;Peripheral Nervous System Diseases
paralysis,Locked-In Syndrome;Quadriplegia;Facial Paralysis;Hypokalemia;Parkinson Disease;Myoclonic Cerebellar Dyssynergia;Hemiplegia;Sjogren's Syndrome;Brain Stem Infarctions;Paraplegia;Thyroid Neoplasms;Bell Palsy;Diaphragmatic Eventration;Hypoglossal Nerve
flaccidity,Epilepsy;Peroxisomal Disorders;Polyhydramnios;Hypopituitarism;Retinitis Pigmentosa;Muscular Diseases;Prader-Willi Syndrome;Muscular Dystrophies;Neurodevelopmental Disorders;Cri-du-Chat Syndrome;Glycogen Storage Disease Type II;Retinal Degeneration;Muscular Atrophy;Intellectual Disability;Fetal Diseases;Myopia;Microcephaly;Autism Spectrum Disorder;Laryngomalacia;Parkinson Disease;Obesity;Zellweger Syndrome;Cardiomyopathies;Imprinting Disorders;REM Sleep Behavior Disorder
flat keratotic capsule,
hemorrhagic gastroenteritis,Gastrointestinal Hemorrhage;Gastritis;Colitis;Crohn Disease;Anemia;Appendicitis;Jejunal Diseases;Sphingolipids;Eosinophilic Esophagitis;Gastroenteritis;Thrombophlebitis;Dysbiosis;IgA Vasculitis;Ileitis;Klebsiella pneumoniae;Gastrointestinal Microbiome;Inflammatory Bowel Diseases
dyspneic enteritis,
enteritis,Autism Spectrum Disorder;Autistic Disorder;Gastritis;Crohn Disease;Esophagitis;Enteritis;Arthritis;IgA Vasculitis;Ileitis;Pouchitis;Eosinophilic Esophagitis
hematuria,Factor VII Deficiency;Glomerulonephritis, IGA;Paraganglioma;Lupus Nephritis;Urolithiasis;Hypertension;IgA Vasculitis;Kidney Diseases;Choriocarcinoma;Nephrotic Syndrome;Leiomyoma
hemorrhage,Gastrointestinal Hemorrhage;Factor VII Deficiency;Hemorrhoids;Pyroptosis;Gout;Atrial Fibrillation;Kidney Diseases;Anemia;Sarcopenia;COVID-19;Liver Cirrhosis;Neuroinflammatory Diseases;Hyperuricemia
hepatic necrosis,Polycythemia Vera;Multiple Sclerosis;Myocardial Infarction;Pericardiocentesis;ST Elevation Myocardial Infarction;Colitis;Hepatic Infarction;Intestinal Diseases;Vascular Diseases;Pneumatosis Cystoides Intestinalis;Anterior Wall Myocardial Infarction;Hepatic Veno-Occlusive Disease;Liver Diseases;Fish Diseases;Hepatitis;Primary Myelofibrosis;Inflammatory Bowel Diseases
hepatitis,Gastrointestinal Hemorrhage;Rift Valley Fever;Retinal Diseases;Hepatitis B virus;Viremia;Hepatitis A;Hepatitis C;Liver Cirrhosis;Hepatitis B
hepatosplenomegaly,
hydrocephalus,Dandy-Walker Syndrome;Hydrocephalus;Brain Edema;Intracranial Pressure;Brucellosis;Encephalitis
hypergammaglobulinemia,Multiple Myeloma;Gaucher Disease;Retinal Diseases;Renal Insufficiency;Guillain-Barre Syndrome;Exanthema;Lipopolysaccharides;Mevalonate Kinase Deficiency;Sjogren's Syndrome;Kidney Diseases;Simian Acquired Immunodeficiency Syndrome;Paraproteinemias;Monoclonal Gammopathy of Undetermined Significance;Smoldering Multiple Myeloma;Autoimmune Diseases;Hereditary Autoinflammatory Diseases;Familial Mediterranean Fever
hyperpigmentation,Melanosis;Peutz-Jeghers Syndrome;Gingival Diseases;Duodenal Neoplasms;Varicose Veins;Skin Diseases;Hyperpigmentation;Adenocarcinoma
hyperreflexia,Neuromuscular Agents;Nervous System Diseases;Cerebellar Ataxia;Blepharoptosis;Autonomic Nervous System Diseases;Facial Paralysis;Lacrimal Apparatus Diseases;Adie Syndrome;Charcot-Marie-Tooth Disease;Amyotrophic Lateral Sclerosis;Hyperthyroidism;Hypokalemic Periodic Paralysis;Homeostasis;Hypohidrosis;Essential Tremor;Optic Atrophy;Blepharoplasty;Lacrimal Apparatus;Bell Palsy;Vestibular Diseases;Graves Disease;Parkinson Disease;Thyrotoxicosis;Pupil Disorders
hypotension,Hypotension;Synucleinopathies;Hypertension;Scoliosis;Serotonin Syndrome;Anemia;Cardiovascular Diseases
inflammation,Asthma;Gonorrhea;COVID-19;Neuroinflammatory Diseases
intestinal hemorrhage,Gastrointestinal Hemorrhage;von Willebrand Diseases;Hematoma;Intestinal Obstruction;Purpura Fulminans;Crohn Disease;Intestinal Diseases;Intracranial Aneurysm;Gastrointestinal Diseases;Jejunal Diseases;Varicose Veins;Angiodysplasia;Aortic Valve Stenosis;Inflammatory Bowel Diseases;Cytomegalovirus Infections
joint pain,Lymphoma;Carpal Tunnel Syndrome;Central Nervous System Sensitization;Thrombosis;Bursitis;Metabolic Syndrome;Cardiovascular Diseases
keratotic nodules of the skin,Porokeratosis;Diabetes Mellitus;Acanthoma;Histiocytosis, Sinus;Collagen Diseases;Skin Diseases
laryngitis,Laryngostenosis;Stomatitis;Tonsillitis;Anaphylaxis;Laryngeal Edema;Gastroesophageal Reflux;Bronchiectasis;Laryngitis;Virus Diseases;Asthma;Pharyngitis;Otitis Media;Laryngeal Diseases;Epiglottitis;Bronchitis;Laryngeal Neoplasms;Brain Diseases;COVID-19;Bronchiolitis;Adenocarcinoma;Sinusitis;Angioedema;Rhinitis;Croup
laryngotracheitis,
lesions in myocardium,Heart Diseases;Esophageal Neoplasms;Pulmonary Veins;Fibroma;Coronary Artery Disease;Pheochromocytoma;Atrial Fibrillation;Mitral Valve Insufficiency;Myocardial Infarction;Esophageal Squamous Cell Carcinoma;Tuberous Sclerosis;Alzheimer Disease;Adrenal Gland Neoplasms;Esophageal Stenosis;Muscular Diseases;Regeneration;Arrhythmogenic Right Ventricular Dysplasia;Rhabdomyoma;Thrombosis;Cardiomyopathies;Hypertension;Endomyocardial Fibrosis;ST Elevation Myocardial Infarction;Melanoma;Sarcoidosis
lethargy,Glaucoma;Papilledema;Calcinosis;Osteosarcoma;Epilepsy;Autism Spectrum Disorder;Babesiosis;Autistic Disorder;Hydrocephalus;Gastric Dilatation;Felis;Fish Diseases;Rodent Diseases;Muscular Diseases;Respiratory Distress Syndrome;Exanthema;Hypotension;Thrombocytopenia;Intussusception;COVID-19;Coccidioidomycosis;Feline Acquired Immunodeficiency Syndrome;Blood Coagulation Disorders;Lymphoma;Herpes Simplex;Pancreatitis
listlessness,Apathy;Frontotemporal Dementia;Amyotrophic Lateral Sclerosis;Cognition Disorders;Vitamin B 12 Deficiency;Psychotic Disorders;Cerebral Amyloid Angiopathy;Dementia;Multiple Sclerosis;Neurodegenerative Diseases;Myotonic Dystrophy;Alzheimer Disease;Cerebral Amyloid Angiopathy, Familial;Schizophrenia;Depressive Disorder;Cerebral Small Vessel Diseases;Parkinson Disease
coordination symptom,
lesions in lung,Pulmonary Veins;Pyroptosis;Microscopic Polyangiitis;Swine Diseases;Pneumothorax;Asthma;Lung Diseases;Pulmonary Atelectasis;Cryptococcosis;Mycobacterium tuberculosis;Pulmonary Arterial Hypertension;Cerebellar Ataxia;Pneumonia;Respiratory Distress Syndrome;Osteomyelitis;Lung Abscess;COVID-19;Pulmonary Fibrosis;Fibronectins;Mycoplasma hyopneumoniae;Erdheim-Chester Disease;Sjogren's Syndrome;Silicosis;Small Cell Lung Carcinoma;Pleurisy;Bronchial Neoplasms
lymphangitis,Tinea Pedis;Carcinoma;Sheep Diseases;Rickettsia;Pleural Neoplasms;Pulmonary Embolism;Protein-Losing Enteropathies;Nocardia Infections;Thyroid Neoplasms;Lymphangitis;Pleural Diseases;Peritoneal Neoplasms;Histoplasmosis;Sarcoma;Adenocarcinoma;Penile Diseases;Lymphedema;Enteritis;Adenocarcinoma of Lung;Fasciitis;Herpes Simplex;Melanoma
lymphoblastoma,
lymphopenia,Wiskott-Aldrich Syndrome;Diabetes Mellitus;Esophageal Neoplasms;Multiple Sclerosis;Cytopenia;Hyper-IgM Immunodeficiency Syndrome;Hypothyroidism;Meningeal Neoplasms;Meningioma;Esophageal Squamous Cell Carcinoma;Apoptosis;Cryptococcosis;Neutropenia;Anemia;Cardiovascular Diseases;Neuroendocrine Tumors;Wiskott-Aldrich Syndrome Protein;Agammaglobulinemia;Pneumonia;Neuroblastoma;Down Syndrome;Pulmonary Aspergillosis;Respiratory Distress Syndrome;Glioma;Leukopenia;Glioblastoma;Hypocalcemia;Cryptosporidium;Laryngeal Neoplasms;Cryptosporidiosis;Thrombocytopenia;Lymphopenia;COVID-19;Nephrotic Syndrome;Cytomegalovirus Infections;Meningoencephalitis;Epstein-Barr Virus Infections;Severe Combined Immunodeficiency;Multiple Myeloma
massive hepatic necrosis,Hepatitis B virus;Lipopolysaccharides;Hepatitis;Hepatitis E;Cholangitis;Hepatitis B;Epstein-Barr Virus Infections;Congenital Disorders of Glycosylation;Hepatitis C;Fructose Intolerance;Herpes Simplex;Hepatitis E virus;COVID-19;Hepatitis A;Protein-Energy Malnutrition;Adenocarcinoma
meningoencephalitis,Diabetes Mellitus;Brain Edema;Multiple Sclerosis;Myelitis;Spinal Cord Ischemia;Virus Diseases;Blindness;Borna Disease;West Nile Fever;Locked-In Syndrome;Arteritis;West Nile virus;Encephalomyelitis;Angiostrongylus cantonensis;Cryptococcosis;Mycobacterium tuberculosis;Anemia;Streptococcus suis;Autoimmune Diseases of the Nervous System;Connective Tissue Diseases;Diabetes Insipidus;Behcet Syndrome;Meningitis;Hyperglycemia;COVID-19;Phlebotomus;Amebiasis;Meningoencephalitis;Encephalitis;Retinal Vasculitis
encephalitis,Peripheral Nervous System Diseases;West Nile virus;Haploinsufficiency;Fragile X Syndrome;Meningoencephalitis;Blindness;Mycobacterium tuberculosis;Autoimmune Diseases;Schizophrenia;Agammaglobulinemia;Narcolepsy;Mucormycosis;Encephalitis;COVID-19;Crohn Disease;West Nile Fever;Subacute Sclerosing Panencephalitis
mild encephalitis,Diabetes Mellitus;Papilledema;Haploinsufficiency;Autoimmune Diseases;Sarcocystis;Rabies;Epilepsy;Hepatitis E virus;West Nile Fever;Thymoma;Sarcocystosis;Encephalomyelitis;West Nile virus;Alzheimer Disease;Eye Diseases;Common Cold;Central Nervous System Diseases;Autoimmune Diseases of the Nervous System;Neuroblastoma;Guillain-Barre Syndrome;Diabetes Insipidus;Limbic Encephalitis;Hyperglycemia;Myasthenia Gravis;Brain Diseases;COVID-19;Coronavirus Infections;Ophthalmoplegia;Phlebotomus;Immune System Diseases;Hepatitis E;Meningoencephalitis;Intracranial Hypertension;Optic Neuritis;Status Epilepticus;Encephalitis;Miller Fisher Syndrome;Glioma
skin lesion,
muscle cramp,Isaacs Syndrome;Spinal Stenosis;Malignant Hyperthermia;Peripheral Nervous System Diseases;Vitamin B 12 Deficiency;Liver Diseases;Dysmenorrhea;Cardiovascular Diseases;Premature Ejaculation;Kidney Diseases;Dermatitis;Amyotrophic Lateral Sclerosis;Hyponatremia;Myositis;Machado-Joseph Disease;Hyperthyroidism;Hypoglycemia;Liver Cirrhosis;Bronchiolitis Obliterans Syndrome;Hypertension;Glycogen Storage Disease Type V;Restless Legs Syndrome;Diabetes Mellitus, Type 2;Cataract
muscle weakness,Glycogen Storage Disease Type II;Thyrotoxicosis;Papilledema;Nervous System Diseases;Chagas Cardiomyopathy;Dystonia;Persian Gulf Syndrome;Metabolic Syndrome;Herpes Zoster;Lambert-Eaton Myasthenic Syndrome;Spinal Cord Diseases;Gastric Dilatation;Gastroparesis;Vertebrobasilar Insufficiency;Hemorrhagic Fever with Renal Syndrome;Cerebellar Ataxia;Paraparesis;Comorbidity;Spinal Diseases;Guillain-Barre Syndrome;Amyotrophic Lateral Sclerosis;Muscular Diseases;Autonomic Nervous System Diseases;Hyperkalemia;Exanthema;Myositis;COVID-19;Charcot-Marie-Tooth Disease;Hypokalemic Periodic Paralysis;Hypertension;Myocarditis
myocarditis,Heart Diseases;Multiple Sclerosis;Virus Diseases;Drug Hypersensitivity Syndrome;Pericarditis;Autoimmune Diseases;Pyroptosis;Chagas Cardiomyopathy;Campylobacter;Inferior Wall Myocardial Infarction;Rheumatic Fever;Pulmonary Embolism;Apoptosis;Anemia;Cardiovascular Diseases;Fabry Disease;Myositis;Janus Kinases;Thrombocytopenia;COVID-19;Atrioventricular Block;Rheumatic Heart Disease;Lyme Disease;Cardiomyopathies;Myocarditis;Diabetes Mellitus, Type 2;Sarcoidosis
nephritis,Nephrotic Syndrome;Urinary Tract Infections;Gastrointestinal Microbiome;Hemoglobins;Pyelonephritis;Apoptosis;Cyclophosphamide;Colitis;Agammaglobulinemia;Diabetic Nephropathies;Lupus Nephritis;Diabetes Mellitus, Type 2;Glomerulonephritis, IGA;Opportunistic Infections;Glomerulonephritis;Proteinuria;Dent Disease
pain,Hyperalgesia;Vitamin B 12 Deficiency;Rheumatic Heart Disease;Blepharoplasty;Calcinosis;Prader-Willi Syndrome;Appendicitis;Diarrhea;Intracranial Hypertension;Osteomyelitis;Osteoarthritis;Syphilis;COVID-19;Osteoarthritis, Knee
lesions in pancreas,Common Bile Duct Neoplasms;Congenital Hyperinsulinism;Diabetes Mellitus;Esophageal Neoplasms;Carcinoma;Duodenal Neoplasms;Gastrointestinal Stromal Tumors;Esophageal Squamous Cell Carcinoma;Kidney Diseases;Biliary Tract Neoplasms;Cholangiocarcinoma;Fish Diseases;Perivascular Epithelioid Cell Neoplasms;Musculoskeletal Diseases;Ampulla of Vater;Adenocarcinoma, Mucinous;Gastrointestinal Diseases;Adenocarcinoma;Pancreatic Diseases;Carcinoma in Situ;Pancreatitis;Paraganglioma
peritonitis,Diabetes Mellitus;Carcinoma;Appendicitis;Diverticulitis, Colonic;Virus Diseases;Inflammatory Bowel Diseases;Eryptosis;Intestinal Obstruction;Crohn Disease;Diverticulitis;Penicillins;Intestinal Fistula;Cardiovascular Diseases;Tuberculosis;Ascites;Peritonitis;Intestinal Perforation;Fallopian Tube Neoplasms;Cecal Diseases;Subphrenic Abscess;Histoplasmosis;Clostridioides difficile;Pancreatitis;Diabetes Mellitus, Type 2
plasmacytosis,
pleural effusion,Endometriosis;Choriocarcinoma;Lemierre Syndrome;Trichinellosis;Noonan Syndrome;Pleural Diseases;Lung Diseases;Down Syndrome;Psoriasis;Adenocarcinoma of Lung;Asbestos;Nocardia Infections;COVID-19;Pneumonia;Pleural Neoplasms;Pneumothorax;Multiple Myeloma
mouth papules,
tracheitis,Diabetes Mellitus;Tonsillitis;Virus Diseases;Laryngitis;Tracheal Diseases;Swine Diseases;Pharyngitis;Otitis Media;Pulmonary Embolism;Radiation Pneumonitis;Tracheal Stenosis;Epiglottitis;Invasive Pulmonary Aspergillosis;Pneumonia;Connective Tissue Diseases;Aspergillosis;Mastoiditis;Bronchitis;Pulmonary Aspergillosis;Respiratory Distress Syndrome;Tracheitis;Cystic Fibrosis;COVID-19;Adenocarcinoma;Bronchopneumonia;Mediastinitis;Hypertension;Herpes Simplex;Diabetes Mellitus, Type 2
thrombocytopenia,Hemangioendothelioma;Purpura;Campylobacter;Pulmonary Embolism;Hemangioma;Atypical Hemolytic Uremic Syndrome;IgA Vasculitis;Anemia;Pneumonia;Aortic Valve Stenosis;Splenic Diseases;Arthritis;von Willebrand Factor;Thrombopoiesis;Leukopenia;Myelodysplastic Syndromes;Thrombocytopenia;Lymphopenia;COVID-19;Cytomegalovirus Infections;Brucellosis;Blood Coagulation Disorders;Thrombosis;Sjogren's Syndrome;Myocarditis;Small Cell Lung Carcinoma
prostration,
rales,Respiratory Syncytial Virus Infections;Asthma;Diabetes Mellitus;Diabetes Mellitus, Type 2;Bronchitis;Malnutrition;Gastroesophageal Reflux;Laryngomalacia;Laryngeal Diseases;Respiratory Tract Diseases;Cryptogenic Organizing Pneumonia;Urban Population;Cystic Fibrosis;Hypertension;COVID-19;Bronchiolitis;Autism Spectrum Disorder;Acquired Immunodeficiency Syndrome
seizure,Aicardi Syndrome;Bipolar Disorder;Congenital Disorders of Glycosylation;Status Epilepticus;Epilepsy;COVID-19;Neuroinflammatory Diseases;Glioma
liver inflammation,Hepatitis B virus;Rift Valley Fever;Retinal Diseases;Viremia;Apoptosis;Psoriasis;Polysaccharides;Hepatitis B;Liver Cirrhosis;Hepatitis E;Hepatitis C;Hepatitis E virus;Hepatitis A
severe backache,Venous Insufficiency;Spinal Osteochondrosis;Radiculopathy;Intervertebral Disc Degeneration;Spondylolisthesis;Ureteral Obstruction;Lordosis;Hydronephrosis;Spinal Stenosis;Spinal Diseases;Ureteral Calculi;Scoliosis;Kinesiophobia
conjunctivitis,Glaucoma;Tonsillitis;Autoimmune Diseases;Keratoconus;Face;Keratoconjunctivitis, Infectious;Trachoma;Asthma;Pinguecula;Scleritis;Liver Diseases;Apoptosis;Eye Diseases;Granulomatosis with Polyangiitis;Pneumonia;Conjunctivitis;Herpes Zoster Ophthalmicus;Hyperemia;Trichiasis;Exotropia;Endophthalmitis;Keratoconjunctivitis Sicca;Photosensitivity Disorders;Corneal Ulcer;Vitamin A Deficiency;Lipopolysaccharides;Rhinitis;Keratoconjunctivitis;Conjunctivitis, Viral;Dry Eye Syndromes;Bronchiolitis Obliterans Syndrome;Epidermolysis Bullosa Dystrophica;Keratitis;Retinal Vasculitis;Sjogren's Syndrome;Cataract
severe conjunctivitis,Hereditary Autoinflammatory Diseases;Autoimmune Diseases;Keratoconus;Keratoconjunctivitis, Infectious;Eyelid Diseases;Trachoma;Asthma;Ophthalmology;Hydrocephalus;Scleritis;Ophthalmia Neonatorum;Tuberculosis;Ectropion;Pterygium;Conjunctivitis;Herpes Zoster Ophthalmicus;Skin Diseases;Conjunctival Diseases;Hyperemia;Familial Mediterranean Fever;Trichiasis;Bambusa;Keratoconjunctivitis Sicca;COVID-19;Corneal Ulcer;Blepharitis;Rhinitis;Keratoconjunctivitis;Pemphigus;Dry Eye Syndromes;Uveitis;Keratitis;Herpes Simplex;Rosacea;Sarcoidosis
severe headache,Endometriosis;Hemoglobins;Migraine without Aura;Migraine with Aura;Herpes Zoster;Vestibular Diseases;Vitamin B 12 Deficiency;Hemophilia B;Rhinosinusitis;Pre-Eclampsia;Pseudotumor Cerebri;Cerebrovascular Disorders;Central Nervous System Cysts;Pituitary Neoplasms;Malaria;COVID-19;Brain Diseases;Fibromyalgia;Sinusitis;Intracranial Hypotension;Nasopharyngitis;Hemophilia A;Intracranial Hypertension;Adenomyosis
severe joint pain,Arthralgia;Tricuspid Valve Insufficiency;Bursitis;Autoimmune Diseases;Osteoarthritis;Psoriasis;Foot Diseases;Osteoarthritis, Hip;Tenosynovitis;Osteomyelitis;Central Nervous System Sensitization;Myelodysplastic Syndromes;Chikungunya Fever;COVID-19;Osteoarthritis, Knee;Brachial Plexus Block;Brucellosis;Synovitis;Chikungunya virus
necrosis,Lacrimal Apparatus;Vascular Diseases;Osteoblasts;Brain Stem Infarctions;Myocardial Infarction;Glycogen Storage Disease Type IIb;Apoptosis;Heart Aneurysm;Plant Diseases;Osteogenesis;Atherosclerosis;Aortic Dissection;CADASIL;COVID-19;Pericardium;Neuroinflammatory Diseases;Osteonecrosis;Cerebral Infarction;Hypertension;Lacrimal Apparatus Diseases;ST Elevation Myocardial Infarction;Fibromuscular Dysplasia
severe necrosis,Diabetes Mellitus;Malnutrition;Spinal Cord Ischemia;Autoimmune Diseases;Brain Ischemia;Campylobacter;Cellulitis;Coronary Artery Disease;Herpes Zoster;Mitral Valve Insufficiency;Myocardial Infarction;Glycogen Storage Disease Type IIb;Apoptosis;Brain Infarction;Anemia;Non-ST Elevated Myocardial Infarction;Comorbidity;Lactobacillus;Muscular Diseases;Aortic Dissection;CADASIL;Thrombocytopenia;Myxoma;Myositis;Cerebral Small Vessel Diseases;COVID-19;Osteonecrosis;Blood Coagulation Disorders;Cardiomyopathies;Intracranial Arteriosclerosis;ST Elevation Myocardial Infarction;Myocarditis
sinusitis,Orbital Cellulitis;Diabetes Mellitus;Chickenpox;Lacrimal Duct Obstruction;Diabetes Mellitus, Type 1;Asthma;Otitis Media;Paranasal Sinus Diseases;Sphenoid Sinusitis;Rhinosinusitis;Paranasal Sinuses;Maxillary Sinusitis;Pituitary Neoplasms;COVID-19;Sinusitis;Rhinitis;Olfaction Disorders;Intracranial Hypertension;Choanal Atresia;Diabetes Mellitus, Type 2
skin ulcer,Leprosy;Ischemia;Hemoglobins;Onychomycosis;Histiocytosis, Sinus;Yaws;Anemia;Osteomyelitis;Melanoma;Bacteria;Diabetes Mellitus, Type 2;Crohn Disease;Pyoderma Gangrenosum
sneezing,Ophthalmology;Sinusitis;Pharyngitis;Asthma;Rhinitis;Retinal Artery Occlusion;Nasal Obstruction;Retinal Vein Occlusion;Tracheal Diseases;Cataract;COVID-19;Nose Diseases;Subcutaneous Emphysema
spasticity,Multiple Sclerosis;Amyotrophic Lateral Sclerosis;Cerebral Palsy;Neuromuscular Agents;Spinocerebellar Ataxias;Intellectual Disability;Sialorrhea;Optic Atrophy;Homeostasis;Neurodegenerative Diseases
feces and droppings symptom,
steatorrhea,Diabetes Mellitus;Cystic Fibrosis;Pancreatitis;Neuroendocrine Tumors;Crohn Disease;Obesity;Pancreatic Diseases;Exocrine Pancreatic Insufficiency;Gastrointestinal Microbiome;Hyperglycemia;Diarrhea;Malnutrition;Steatorrhea
vasculitis,Coronary Artery Disease;Takayasu Arteritis;Sarcoma;Intestinal Diseases;Inflammatory Bowel Diseases;Appendicitis;IgA Vasculitis;Crohn Disease;Granulomatosis with Polyangiitis;Chorioretinitis;Thyroid Diseases;Vitamin D Deficiency;Thrombophlebitis;Sjogren's Syndrome;Thrombosis;Lymphoproliferative Disorders;COVID-19;Arabs;Peripheral Nervous System Diseases;Phlebitis;Myelodysplastic Syndromes;Vasculitis;Adenocarcinoma of Lung;Uveitis;Behcet Syndrome;Antiphospholipid Syndrome;Ileitis;Cryoglobulinemia;Polyarteritis Nodosa
thirst,Diabetes Mellitus;Hyponatremia;Inappropriate ADH Syndrome;Carnitine O-Palmitoyltransferase;Diabetes Insipidus;Cholecystokinin
thymus symptom,
spleen symptom,
tracheobronchitis,
tremor,Neurodegenerative Diseases;Amyotrophic Lateral Sclerosis;Motor Disorders;COVID-19;Hallucinogens;Methemoglobinemia;Cerebellar Ataxia;Encephalitis;Hypokalemic Periodic Paralysis;Essential Tremor;Brain Diseases;Demyelinating Diseases;Leprosy;Fragile X Syndrome;Thyrotoxicosis;Dystonia;Hepatolenticular Degeneration;Parkinson Disease
incoordination,Autism Spectrum Disorder;Cataract;Ornithine Carbamoyltransferase Deficiency Disease;Cerebellar Ataxia;Machado-Joseph Disease;Ocular Motility Disorders;Encephalitis;Hypogonadism;Xanthomatosis;Cerebellar Diseases;Fragile X Syndrome;Ataxia Telangiectasia;CADASIL;Nervous System Diseases;COVID-19;Spinocerebellar Ataxias;Neurodegenerative Diseases;Dystonia;Cytomegalovirus Infections;Spinocerebellar Degenerations;Friedreich Ataxia;Dystonic Disorders
wasting,Dysentery;Acidosis;Lipopolysaccharides;Obesity;Muscle Proteins;Muscular Atrophy;Measles;Kwashiorkor;Gastrointestinal Microbiome;Pneumonia;Cachexia;Apoptosis;Sarcoma;Protein-Energy Malnutrition;Sarcopenia;Malnutrition;Tuberculosis;Typhoid Fever
weakness,Urban Population;Myocardial Infarction;COVID-19;Comorbidity;Liver Cirrhosis;Anxiety Disorders;Diabetes Mellitus, Type 2;Cardiovascular Diseases;Endocarditis;Ureteral Calculi;Malnutrition;Sarcopenia;Schizophrenia;Urinary Tract Infections
weight loss,Atrial Fibrillation;Lipopolysaccharides;COVID-19;Obesity;Muscle Proteins;Gastrointestinal Microbiome;Postpartum Period;Gastroesophageal Reflux;Apoptosis;Diabetes Mellitus, Type 2;Diarrhea;Muscular Atrophy;Metabolic Syndrome;Citrus sinensis;Cachexia;Gastroparesis
liver symptom,
bubo,
muscle symptom,
change in skin color,Oxyhemoglobins;COVID-19;Skin Diseases;Substance-Related Disorders;Hyperpigmentation;Lupus Erythematosus, Discoid;Fish Diseases;Vitamin D Deficiency;Hypopigmentation;Face;Pigmentation Disorders;Psoriasis;Melanosis;Vitiligo
weariness,Multiple Sclerosis;Cerebral Palsy;COVID-19;Musculoskeletal Diseases;Gastrointestinal Microbiome;Non-alcoholic Fatty Liver Disease;Nasopharyngeal Neoplasms;Inflammatory Bowel Diseases;Arthritis;Sarcopenia;Common Variable Immunodeficiency;Q Fever
exhaustion,
tiredness,Multiple Sclerosis;Cerebral Palsy;COVID-19;Musculoskeletal Diseases;Gastrointestinal Microbiome;Non-alcoholic Fatty Liver Disease;Nasopharyngeal Neoplasms;Inflammatory Bowel Diseases;Arthritis;Sarcopenia;Common Variable Immunodeficiency;Q Fever
abdominal discomfort,
postural reaction,
wheelbarrowing,
hopping,
conscious proprioception,Vestibular Diseases;Multiple Sclerosis;Amyotrophic Lateral Sclerosis;Apathy;Neurodegenerative Diseases;Schizophrenia
abnormal hemiwalking hemistanding,
reproductive system symptom,
abortion;Somatoform Disorders;COVID-19
miscarriage,Hypothyroidism;Spermatozoa;Infertility;COVID-19;Chlamydia Infections;Hypertension;Dysbiosis;Ovarian Diseases;Thrombophilia;Brucella;Brucellosis;Uterine Cervical Incompetence;Leiomyoma
spontaneous abortion,Hypothyroidism;Spermatozoa;Infertility;COVID-19;Chlamydia Infections;Hypertension;Dysbiosis;Ovarian Diseases;Thrombophilia;Brucella;Brucellosis;Uterine Cervical Incompetence;Leiomyoma
acute arthritis,Hyperuricemia;Asthma;Myocardial Infarction;Chikungunya virus;Meningitis;Precursor Cell Lymphoblastic Leukemia-Lymphoma;Retinal Diseases;Osteoarthritis, Knee;Bursitis;Hypertension;Arthritis;Calcinosis;Autoimmune Diseases;Spondylarthritis;Cardiovascular Diseases;Rheumatic Fever;Psoriasis;Rheumatic Heart Disease;Hemophilia A;Hepatitis C;COVID-19;Chikungunya Fever;Atypical Hemolytic Uremic Syndrome;Gastrointestinal Microbiome;Homeostasis;Diabetes Mellitus, Type 2;Scabies;Cytomegalovirus Infections;Vasculitis;Synovitis;Behcet Syndrome;Periarthritis;Pharyngitis;Fibromyalgia;Gout
acute meningoencephalitis,Psychotic Disorders;Chickenpox;Rabies;Meningitis;Scrub Typhus;Brain Edema;Hydrocephalus;Leptospirosis;Agammaglobulinemia;Angiostrongylus cantonensis;Rheumatoid Vasculitis;Diabetes Mellitus;Neuromyelitis Optica;Brain Ischemia;Encephalitis;Limbic Encephalitis;Diabetes Insipidus;Meningoencephalitis;Neurocysticercosis;COVID-19;Primary Immunodeficiency Diseases;Pulmonary Edema;Connective Tissue Diseases;Intracranial Hypertension;Hepatitis E;Herpes Zoster;Amebiasis;Myelitis;Hepatitis E virus;Cytomegalovirus Infections;Acquired Immunodeficiency Syndrome;Myositis;Brain Diseases;Hyperglycemia
acute painful vision loss,Optic Nerve Neoplasms;Acute Disease;Keratitis;Endophthalmitis;Carotid Stenosis;Intracranial Thrombosis
salivary gland symptom,
acute suppurative parotiditis,Salivary Gland Diseases;Melioidosis;Parotitis;Streptococcus pneumoniae
afebrile,
anemia,Glucosephosphate Dehydrogenase Deficiency;alpha-Thalassemia;Anemia;Brucellosis;Hemoglobins;Hypertension;Graves Disease;Autoimmune Diseases;Obesity;Splenic Diseases;Thalassemia;Hyperemia;Transferrin;Proteinuria;Plasmodium yoelii;COVID-19;Pseudotumor Cerebri;Malaria;Atypical Hemolytic Uremic Syndrome;Ferritins;Myelodysplastic Syndromes;Hemorrhoids;Glucosephosphate Dehydrogenase;Conjunctiva
ischemia,Myocardial Infarction;Neuroinflammatory Diseases;Ventricular Fibrillation;Apoptosis;Hypertension;Heart Aneurysm;Cerebral Infarction;Ischemia;Aortic Dissection;Peripheral Arterial Disease;CADASIL;Pericardium;Glycogen Storage Disease Type IIb;COVID-19;ST Elevation Myocardial Infarction;Brain Stem Infarctions;Myocardial Reperfusion;Fibromuscular Dysplasia;Atherosclerosis;Vascular Diseases
photophobia,Mydriasis;Cataract;Coloboma;Aphakia;Chickenpox;Retinal Diseases;Refractive Errors;Ichthyosis;Hyperopia;Hyperemia;Photophobia;Dry Eye Syndromes;Darier Disease;Hyperalgesia;Alzheimer Disease;Myopia;COVID-19;Aniridia;Blepharoplasty;Diabetes Mellitus, Type 2;Glaucoma;Amblyopia;Epilepsy;Keratitis;Migraine with Aura;Iris Diseases;Ocular Hypertension;Lewy Body Disease
asthenopia,Presbyopia;Eye Diseases;Myopia;COVID-19;Hyperopia;Dry Eye Syndromes;Refractive Errors;Motion Sickness
eye strain,Dry Eye Syndromes;Motion Sickness;COVID-19;Hyperopia;Refractive Errors;Myopia;Presbyopia;Eye Diseases
agraphia,Dyscalculia;Aphasia;Brain Diseases;Vascular Diseases;Learning Disabilities;Alzheimer Disease;Cognition Disorders;Primary Progressive Nonfluent Aphasia;Moyamoya Disease;COVID-19;Agraphia;Arteriovenous Malformations;Parkinson Disease;MELAS Syndrome;Language Disorders;Cerebral Revascularization;Amyotrophic Lateral Sclerosis;Dyslexia;Brain Ischemia;Apraxias
anomia,Intracranial Aneurysm;Dyscalculia;Aphasia;COVID-19;Intracranial Thrombosis;Anomia;Bipolar Disorder;Frontotemporal Dementia;Migraine with Aura;Cerebral Small Vessel Diseases;Neurodegenerative Diseases;Glioma
inability to comprehend speech,
inability to speak,Neuroleptic Malignant Syndrome;Phobic Disorders;Stuttering;Cerebellar Neoplasms;COVID-19;Mutism;Medulloblastoma;Central Nervous System Neoplasms;Infratentorial Neoplasms;Autism Spectrum Disorder;Cerebellar Ataxia;Cerebellar Diseases;Meningioma;Meningeal Neoplasms;Neurodevelopmental Disorders;Hydrocephalus
inability to form words,
poor enunciation,
receptive aphasia,Astrocytoma;Aphasia;Agraphia;Agnosia;Dyslexia;Brain Ischemia;Central Nervous System Vascular Malformations
areflexia,Pupil Disorders;Beriberi;Dermatitis;Hyperhidrosis;Neuromuscular Agents;Peripheral Nervous System Diseases;Dystonic Disorders;Optic Nerve Diseases;Thyrotoxicosis;Cerebral Palsy;Cerebellar Ataxia;Homeostasis;Multiple System Atrophy;Optic Atrophy;Neurilemmoma;Bell Palsy;Autonomic Nervous System Diseases;Graves Disease;Vestibular Diseases;Adie Syndrome;Hyperthyroidism;Nervous System Diseases;Facial Paralysis;Dystonia;Parkinson Disease;Lacrimal Apparatus;Radiculopathy;Blepharoplasty;Charcot-Marie-Tooth Disease;Lacrimal Apparatus Diseases;Hypokalemic Periodic Paralysis;Respiratory Tract Diseases;Thiamine Deficiency;Neurosyphilis;Essential Tremor;Sialorrhea;Amyotrophic Lateral Sclerosis;Dyslexia;Meningoencephalitis;Hypohidrosis;Blepharoptosis;Paraplegia
absence of knee jerk reflex,
limb weakness,Musculoskeletal Diseases;Intermittent Claudication;Malnutrition;COVID-19;Hypertension;Peripheral Arterial Disease;Dementia;Diabetes Mellitus;Cardiovascular Diseases;Pneumonia;Parkinson Disease;Sarcopenia
arm weakness,Multiple Sclerosis;Vertebrobasilar Insufficiency;Peripheral Nervous System Diseases;Herpes Zoster;Gastric Dilatation;Aortic Dissection;Bell Palsy;Hemiplegia;Spinal Cord Diseases;Nervous System Diseases;Klinefelter Syndrome;Facial Paralysis;Hypertension;Persian Gulf Syndrome;Peroneal Neuropathies;Spinal Diseases;Amyloidosis;Exanthema;Amyotrophic Lateral Sclerosis;Gastroparesis;Paraparesis
leg weakness,Malnutrition;COVID-19;Lung Diseases;Dementia;Diabetes Mellitus, Type 2;Cardiovascular Diseases;Diabetes Mellitus;Parkinson Disease;Sarcopenia
asthenia,Hyperparathyroidism, Primary;Cardiovascular Diseases;Sarcopenia;Autoimmune Diseases;Encephalitis;Gastrointestinal Neoplasms;Cognition Disorders;Diabetes Mellitus;Psychotic Disorders;Thyroid Diseases;Voice Disorders;Epilepsy;Adrenal Insufficiency;Graves Disease;COVID-19;Hyperthyroidism;Cerebrovascular Disorders;Hypertension;Hypercalcemia;Hypoglycemia;Limbic Encephalitis;Endometriosis;Brain Ischemia;Inflammatory Bowel Diseases;Lymphatic Diseases
atrial fibrillation,Esophagus;Aortic Valve Stenosis;Hematoma;COVID-19;Brain Infarction;Rheumatic Heart Disease;Dementia;Mitral Valve Stenosis;Coronary Artery Bypass;Atrial Fibrillation;Pulmonary Veins;Pericardium;Thyrotropin
blood vessel infection,Thrombosis;Blood Coagulation;Fish Diseases;Mediastinitis;Colitis;Cardiovascular Diseases;Vascular Diseases;Disseminated Intravascular Coagulation;Brucella melitensis;Thrombophlebitis;Retinal Perforations;Thrombophilia;Keratitis;Lung Diseases;Hepatitis B virus;Diabetes Mellitus;Pneumonia;Lipopolysaccharides;Polysaccharides;Pre-Eclampsia;Mycobacterium tuberculosis;Coronary Artery Disease;COVID-19;Latent Tuberculosis;Esophageal Neoplasms;Appendicitis;Echinococcosis;Corneal Ulcer;Hematopoietic Stem Cells;Pulmonary Aspergillosis;Asthma;Anemia;Brucellosis;Tuberculosis;Hematopoiesis;Endocarditis;Heart Valve Diseases
hemorrhagic diarrhea,Ichthyosis Vulgaris;Takayasu Arteritis;Diarrhea;Hepatic Encephalopathy;Gastrointestinal Microbiome;Cholera;Crohn Disease;Stomatitis;Shwachman-Diamond Syndrome;Gastroenteritis;Pneumonia;Paratuberculosis;Intestinal Polyposis;Strongyloidiasis;Coronavirus Infections;COVID-19;Gastrointestinal Hemorrhage;Swine Diseases;Ichthyosis;Irritable Bowel Syndrome;Cryptosporidium;Cryptosporidiosis;Hemoglobins;Anemia;Neutropenia;Scarlet Fever;Exanthema;Tuberculosis;Mucositis;Hodgkin Disease
bloody stool,Gastrointestinal Diseases;Gout;Hemorrhoids;Vascular Diseases;Hepatic Encephalopathy;Sarcopenia;Crohn Disease;Enema;Aortic Valve Stenosis;Malnutrition;Clostridioides difficile;Liver Cirrhosis;Proctitis;Intestinal Obstruction;Intracranial Aneurysm;Varicose Veins;COVID-19;Gastrointestinal Hemorrhage;Antiphospholipid Syndrome;Intestinal Diseases;von Willebrand Diseases;Hemoglobins;Anemia;Protein S Deficiency;Hyperuricemia;Inflammatory Bowel Diseases;Atrial Fibrillation;Angiodysplasia;Jejunal Diseases
body ache,Osteoarthritis, Knee;Pneumatosis Cystoides Intestinalis;Calcinosis;Cardiovascular Diseases;Metabolic Syndrome;Cryptococcosis;Prostatitis;Osteoarthritis, Hip;Coronary Artery Disease;COVID-19;Appendicitis;Fabry Disease;Intestinal Diseases;Musculoskeletal Diseases;Arthritis;Fibromyalgia;Complex Regional Pain Syndromes;Tracheal Stenosis;Osteomyelitis
bradycardia,Brain Diseases;Hypertensive Crisis;Neurocognitive Disorders;Acidosis;Bronchopulmonary Dysplasia;Schizophrenia;Hypotension;Atrioventricular Block;Asphyxia Neonatorum;Pre-Eclampsia;COVID-19;Hyperglycemia;Hypertension;Status Epilepticus;Heart Conduction System;Renal Insufficiency;Hyperkalemia;Adrenal Gland Neoplasms;Respiratory Distress Syndrome, Newborn;Carotid Stenosis;Atrial Fibrillation
bronchiolitis,Malnutrition;COVID-19;Lupus Nephritis;Pneumonia;Bronchiolitis Obliterans;Cryptogenic Organizing Pneumonia;Bronchiolitis Obliterans Syndrome;Psoriasis;Bronchiolitis;Adenocarcinoma of Lung;Asthma;Keratoconjunctivitis Sicca;Respiratory Syncytial Virus Infections;Bronchitis
inability to think clearly,
cloudy cornea,Thyroid Neoplasms;Ophthalmology;Dry Eye Syndromes;Keratitis;Mucopolysaccharidosis VII;Myopia;Corneal Perforation;Glaucoma;Corneal Diseases;Mucopolysaccharidosis I;Mucopolysaccharidoses;Corneal Edema
colic,Cholangitis;Gastrointestinal Diseases;Bile Duct Diseases;Intestinal Fistula;Choledocholithiasis;Intestinal Obstruction;Cholecystolithiasis;Gallbladder Diseases;Elephants;Colonic Diseases;Intestinal Volvulus;Diverticulitis;Inflammatory Bowel Diseases;Gastrointestinal Microbiome;Colitis;Kidney Diseases;Stomach Diseases;Meckel Diverticulum;Irritable Bowel Syndrome;Intussusception;Ureteral Calculi
colicky pain,Cholangitis;Gastrointestinal Diseases;Bile Duct Diseases;Intestinal Fistula;Choledocholithiasis;Intestinal Obstruction;Cholecystolithiasis;Gallbladder Diseases;Elephants;Colonic Diseases;Intestinal Volvulus;Diverticulitis;Inflammatory Bowel Diseases;Gastrointestinal Microbiome;Colitis;Kidney Diseases;Stomach Diseases;Meckel Diverticulum;Irritable Bowel Syndrome;Intussusception;Ureteral Calculi
congestion,
continuous profuse salivation,
cornea symptom,
corneal opacity,Hepatolenticular Degeneration;Mucopolysaccharidosis VII;Xanthomatosis;Coronary Artery Disease;Hyperlipoproteinemia Type II;Corneal Neovascularization;Aniridia;Cytomegalovirus Infections;Hypercholesterolemia;WAGR Syndrome;Iris Diseases;Pterygium;Hyperemia;Corneal Edema;Atherosclerosis;Arcus Senilis;Pigmentation Disorders;Cataract;Glaucoma;Corneal Diseases;Rubinstein-Taybi Syndrome;Corneal Ulcer;Keratitis;Amblyopia;Astigmatism;Tyrosinemias;Coloboma;Cardiovascular Diseases
corneal ulcers,COVID-19;Conjunctivitis;Liver Diseases;Scleritis;Corneal Perforation;Keratoconjunctivitis Sicca;Vitamin A Deficiency;Sjogren's Syndrome;Keratoconus;Conjunctiva;Corneal Edema;Retinal Vasculitis;Dry Eye Syndromes;Scleral Diseases;Aspergillosis;Granulomatosis with Polyangiitis;Glaucoma;Cataract;Corneal Diseases;Pythiosis;Diabetes Mellitus;Corneal Ulcer;Herpes Simplex;Keratitis
cough with bloody sputum,COVID-19;Thrombosis;Pneumonia;Lung Diseases;Pulmonary Blastoma;Pulmonary Emphysema;Silicosis;Tuberculosis;Pneumoconiosis;Paragonimus;Bronchiectasis;Mycobacterium tuberculosis;Thyroid Neoplasms;Myelodysplastic Syndromes;Teratoma;Hemangiosarcoma;Aspergillosis;Atrial Fibrillation;Choriocarcinoma;Asthma;Respiratory Distress Syndrome;Pulmonary Medicine;Kidney Diseases;Cystic Fibrosis;Anthracosis;Pulmonary Aspergillosis;Paragonimiasis;Bronchial Diseases;Brain Ischemia;Pulmonary Veins
cyclic fever,Pancytopenia;Pharyngitis;Lymphadenitis
alteration of appetite,COVID-19;Obesity;Hallucinogens;Amyotrophic Lateral Sclerosis;Hypertension;Gastrointestinal Microbiome;Anorexia Nervosa;Hyperglycemia;Gastrointestinal Hormones;Fetal Alcohol Spectrum Disorders
decreased appetite,Gastric Dilatation;COVID-19;Obesity;Binge-Eating Disorder;Diabetes Mellitus, Type 2;Non-alcoholic Fatty Liver Disease;Inflammatory Bowel Diseases;Gastrointestinal Microbiome;Substance-Related Disorders;Anorexia Nervosa;Gastrointestinal Hormones;Bulimia Nervosa;Cardiovascular Diseases
increased appetite,Malnutrition;Obesity;Hallucinogens;Gastrointestinal Tract;Diabetes Mellitus, Type 2;Inflammatory Bowel Diseases;Gastrointestinal Microbiome;Substance-Related Disorders;Homeostasis;Gastrointestinal Hormones;Hypothalamic Diseases
proprioception symptom,
decreased conscious proprioception,
reflex symptom,
decreased flexor withdrawal reflex,
dermal abscess,Face;Spinal Cord Diseases;Hidradenitis Suppurativa;Diabetes Mellitus, Type 2;Dermoid Cyst;Blastomycosis;Carpal Tunnel Syndrome;Spina Bifida Occulta;Pyoderma;Skin Diseases
diffuse rash,COVID-19;Schnitzler Syndrome;Rickettsia;Drug Hypersensitivity Syndrome;Glomerulonephritis;Psoriasis;Rocky Mountain Spotted Fever;Skin Diseases;Purpura;Dermatomyositis;Autoimmune Diseases;Exanthema;Urticaria;Malnutrition;Encephalomyelitis;Autistic Disorder;Ehrlichiosis;Myositis;Alopecia Areata;Syphilis;Arthritis;Stevens-Johnson Syndrome;Lyme Disease;Vasculitis
anisocoria,COVID-19;Conjunctivitis;Ectropion;Intracranial Aneurysm;Mydriasis;Pupil Disorders;Hyperhidrosis;Adie Syndrome;Strabismus;Optic Neuritis;Pulmonary Embolism;Horner Syndrome;Siderosis;Tolosa-Hunt Syndrome;Eye Diseases;Iris Diseases;Corneal Edema;Syringomyelia;Retinal Detachment;Glaucoma;Coma;Asthma;Lacrimal Duct Obstruction;Intracranial Hypertension;Ophthalmoplegia;Craniosynostoses;Tick Paralysis
dilated pupil,Herpes Zoster Ophthalmicus;Ectropion;Mydriasis;Pupil Disorders;Miller Fisher Syndrome;Hyperhidrosis;Migraine with Aura;Substance-Related Disorders;Strabismus;Trigeminal Neuralgia;Glossopharyngeal Nerve Diseases;Optic Neuritis;Lens Subluxation;Eye Diseases;Iris Diseases;Corneal Edema;Ophthalmology;Blepharoptosis;Aphakia;Cataract;Glaucoma;Diabetes Mellitus;Diabetic Retinopathy;Hypertension;Diabetes Mellitus, Type 2;Astigmatism;Myopia;Ophthalmoplegia;Coloboma;Diabetes Mellitus, Type 1
diminished gastro-intestinal motility,
diminished gag reflex,Pneumonia
absent gag reflex,Cerebellar Ataxia;Radiculopathy;Amyotrophic Lateral Sclerosis;Neurilemmoma;Charcot-Marie-Tooth Disease;Multiple System Atrophy;Lacrimal Apparatus;Lacrimal Apparatus Diseases;Neuromuscular Agents;Pupil Disorders;Hyperhidrosis;Adie Syndrome;Nervous System Diseases;Dystonia;Thiamine Deficiency;Hypokalemic Periodic Paralysis;Blepharoplasty;Hyperthyroidism;Optic Nerve Diseases;Sialorrhea;Optic Atrophy;Essential Tremor;Blepharoptosis;Dyslexia;Parkinson Disease;Beriberi;Cerebral Palsy;Dystonic Disorders;Homeostasis;Respiratory Tract Diseases;Dermatitis;Paraplegia;Autonomic Nervous System Diseases;Meningoencephalitis;Peripheral Nervous System Diseases;Bell Palsy;Hypohidrosis;Neurosyphilis;Graves Disease;Facial Paralysis;Thyrotoxicosis;Vestibular Diseases
double vision,COVID-19;Thrombosis;Amyloidosis;Myasthenia Gravis;Meningeal Neoplasms;Uremia;Graves Ophthalmopathy;Strabismus;Trigeminal Neuralgia;Nasopharyngeal Neoplasms;Meningioma;Exotropia;Varicose Veins;Ophthalmology;Cranial Nerve Diseases;Blepharoptosis;Erythema Multiforme;Retinal Detachment;Crohn Disease;Exophthalmos;Glaucoma;Ocular Motility Disorders;Orbital Myositis;Nasopharyngeal Carcinoma;Enophthalmos;Retinal Diseases;Isaacs Syndrome;Myositis;Meningitis;Esotropia;Arthritis;Ophthalmoplegia;Brain Diseases;Astrocytoma
dry hacking cough,
dry mouth,Liver Diseases;Cryoglobulinemia;Keratoconjunctivitis Sicca;Hypokalemia;Nasopharyngeal Neoplasms;Diabetic Nephropathies;Vitamin A Deficiency;Sjogren's Syndrome;Dental Caries;Atherosclerosis;Retinal Vasculitis;Dry Eye Syndromes;Parkinson Disease;Histiocytosis, Sinus;Nasopharyngeal Carcinoma;Submandibular Gland;Mouth Diseases;Corneal Ulcer;Peripheral Nervous System Diseases;Panuveitis;Vasculitis
dry mucous membrane,Stomach Ulcer;COVID-19;Lacrimal Apparatus;Celiac Disease;Rhinitis;Esophageal Neoplasms;Sjogren's Syndrome;Cleft Lip;Conjunctiva;Dry Eye Syndromes;Gastritis;Glaucoma;Bacteria;Hyperglycemia;Sinusitis;Herpes Simplex;Esophageal Squamous Cell Carcinoma;Diabetes Mellitus, Type 2;Melanoma;Stevens-Johnson Syndrome;Olfaction Disorders;Burning Mouth Syndrome
endocarditis,Aortic Dissection;Cardiac Tamponade;Heart Valve Diseases;Mitral Valve Insufficiency;Listeriosis;Heart Aneurysm;Bicuspid Aortic Valve Disease;Q Fever;Embolism;Tricuspid Valve Stenosis;Urinary Tract Infections;Coronary Artery Disease;Pulmonary Embolism;Mycobacterium tuberculosis;Substance-Related Disorders;Aortic Valve Insufficiency;Tuberculosis;Endocarditis;Kidney Diseases;Splenic Diseases;Aortic Valve Stenosis
epididymitis,Vascular Diseases;Infectious Mononucleosis;Epstein-Barr Virus Infections;Coronavirus Infections;Epididymis;Polyarteritis Nodosa;Atherosclerosis;Urinary Tract Infections;Spermatic Cord Torsion;Urologic Diseases;Lymphogranuloma Venereum;COVID-19;Testicular Diseases;Cytomegalovirus Infections;Varicocele;Proctitis;Diabetes Mellitus, Type 2;Pyuria;Tuberculosis;Orchitis;Trypanosoma;Brucellosis;Lithiasis;Scleritis;Pancreatitis;Epididymitis
epididymorchitis,
focal seizure,Aicardi Syndrome;Epilepsy;Congenital Disorders of Glycosylation;Bipolar Disorder;Neuroinflammatory Diseases;Status Epilepticus;COVID-19;Glioma
generalized seizure,Aicardi Syndrome;Epilepsy;Congenital Disorders of Glycosylation;Bipolar Disorder;Neuroinflammatory Diseases;Status Epilepticus;COVID-19;Glioma
tonic-clonic seizure,Aicardi Syndrome;Epilepsy;Congenital Disorders of Glycosylation;Bipolar Disorder;Neuroinflammatory Diseases;Status Epilepticus;COVID-19;Glioma
epileptic seizure,Aicardi Syndrome;Epilepsy;Congenital Disorders of Glycosylation;Bipolar Disorder;Neuroinflammatory Diseases;Status Epilepticus;COVID-19;Glioma
simple partial seizure,Apolipoproteins E;Epilepsy;Hypothalamic Diseases;Sclerosis;Neurocysticercosis;Status Epilepticus
complex partial seizure,Aicardi Syndrome;Epilepsy;Congenital Disorders of Glycosylation;Bipolar Disorder;Neuroinflammatory Diseases;Status Epilepticus;COVID-19;Glioma
myoclonic seizure,Aicardi Syndrome;Epilepsy;Congenital Disorders of Glycosylation;Bipolar Disorder;Neuroinflammatory Diseases;Status Epilepticus;COVID-19;Glioma
clonic seizure,Aicardi Syndrome;Epilepsy;Congenital Disorders of Glycosylation;Bipolar Disorder;Neuroinflammatory Diseases;Status Epilepticus;COVID-19;Glioma
tonic seizure,Aicardi Syndrome;Epilepsy;Congenital Disorders of Glycosylation;Bipolar Disorder;Neuroinflammatory Diseases;Status Epilepticus;COVID-19;Glioma
atonic seizure,Aicardi Syndrome;Epilepsy;Congenital Disorders of Glycosylation;Bipolar Disorder;Neuroinflammatory Diseases;Status Epilepticus;COVID-19;Glioma
excess salivation,Dry Eye Syndromes
extensive ulcer,Optic Atrophy;Aortic Dissection;Intestinal Obstruction;Arthritis;Epstein-Barr Virus Infections;Pleural Diseases;Amyloidosis;Vulvitis;Stomach Ulcer;Duodenal Ulcer;Skin Diseases;Multiple Myeloma;Sweet Syndrome;Tongue Diseases;Corneal Perforation;Corneal Ulcer;Peptic Ulcer Perforation;Dermatitis;Crohn Disease;Raynaud Disease;Oral Submucous Fibrosis;Eye Diseases;Vasculitis;COVID-19;Venous Insufficiency;Radiodermatitis;Intestinal Diseases;Cauda Equina Syndrome;IgA Vasculitis;Esophageal Diseases;Stevens-Johnson Syndrome;Behcet Syndrome;Immunoglobulin Light-chain Amyloidosis;Aortic Diseases;Ectropion;Intestinal Perforation;Pyoderma Gangrenosum;Diabetes Mellitus;Vulvar Diseases;Paraproteinemias;Herpes Simplex;Enteritis
extreme exhaustion,
extreme fatigue,Gastrointestinal Microbiome;Cerebral Palsy;Inflammatory Bowel Diseases;Musculoskeletal Diseases;COVID-19;Arthritis;Nasopharyngeal Neoplasms;Common Variable Immunodeficiency;Non-alcoholic Fatty Liver Disease;Multiple Sclerosis;Sarcopenia;Q Fever
eye discharge,Mucositis;Ophthalmology;Stevens-Johnson Syndrome;Exanthema;Endophthalmitis;Atrial Fibrillation;Otitis Media;Epilepsy;Mucormycosis;Cataract;Glaucoma;REM Sleep Behavior Disorder;Status Epilepticus;COVID-19;Ocular Motility Disorders;Conjunctivitis
fixed dilated pupils,Ocular Hypertension;Mydriasis;Trigeminal Neuralgia;Glossopharyngeal Nerve Diseases;Cataract;Pupil Disorders
facial paralysis,Cleft Palate;Dental Caries;Leukemia;Otitis Media;Bell Palsy;Meningitis;Lyme Disease;Autonomic Nervous System Diseases;Blepharoptosis;Gout;Multiple Myeloma;Mobius Syndrome;Lymphoma;Lagophthalmos;Optic Neuritis;Lateral Medullary Syndrome;Cholesteatoma;Lacrimal Apparatus;Parotitis;COVID-19;Lacrimal Apparatus Diseases;Brain Stem Infarctions;Hypoglossal Nerve;Herpes Zoster Oticus;Facial Paralysis;Tuberculosis;Chondrocalcinosis;Cranial Nerve Diseases;Melanoma;Cranial Nerve Neoplasms;Meningocele;Neuromuscular Agents;Myoclonic Cerebellar Dyssynergia;Eyelid Diseases
fixed pupil,Retinal Detachment;Dyslexia;Carotid Artery, Internal, Dissection;Endophthalmitis;Hypothyroidism;Diabetes Mellitus, Type 1;Lens Subluxation;Pneumothorax;Blepharoptosis;Aphakia;Peripheral Nervous System Diseases;Lymphoma;Myopia;Horner Syndrome;Sarcoidosis;Mydriasis;Optic Neuritis;Waldenstrom Macroglobulinemia;Myasthenia Gravis;Adie Syndrome;Exotropia;Pyomyositis;Retinal Diseases;Eyelid Diseases;Cataract;Astigmatism;Ocular Motility Disorders;Brain Edema;Tick Paralysis;Diabetes Mellitus, Type 2;Presbyopia;Iris Diseases;Pupil Disorders;Central Nervous System Diseases;Hyperopia;Persistent Hyperplastic Primary Vitreous;Chickenpox;Herpes Zoster;Craniosynostoses;Neuroblastoma;Refractive Errors;Coloboma;Ichthyosis;Blood Platelet Disorders;Hypohidrosis
flaccid paralysis,Hypokalemic Periodic Paralysis;Spinal Cord Diseases;Botulism;Bell Palsy;Poliomyelitis;Thyrotoxicosis;Graves Disease;Bartter Syndrome;Miller Fisher Syndrome;Spinal Diseases;Ovarian Cysts;Nasal Obstruction;Muscular Dystrophies;Central Nervous System Viral Diseases;Achondroplasia;Brachial Plexus Neuritis;Tabes Dorsalis;COVID-19;Hyperthyroidism;Tick Paralysis;West Nile Fever;West Nile virus;Facial Paralysis;Guillain-Barre Syndrome;Brachial Plexus Neuropathies;Ophthalmoplegia;Arthrogryposis;Tetanus;Neuromuscular Diseases;Ectropion;Central Nervous System Diseases;Hypokalemia;Myelitis;Sjogren's Syndrome;Neuromuscular Agents;Neuromyelitis Optica;Polyneuropathies;Hyperkalemia;Eyelid Diseases;Neurosyphilis;Brain Diseases
arrhythmia,Long QT Syndrome;Atrial Fibrillation;Chagas Cardiomyopathy;Coronary Artery Bypass;Atrioventricular Block;Pulmonary Embolism;Pulmonary Veins;Tricuspid Valve Insufficiency;Aortic Valve Stenosis;Pericardium;Brugada Syndrome;ST Elevation Myocardial Infarction;Hematoma;Ventricular Fibrillation
eczema,Job Syndrome;Vascular Diseases;Liver Diseases;Keratosis;Skin Diseases;Psoriasis;Dermatitis;Pigmentation Disorders;COVID-19;Gastrointestinal Microbiome;Malaria;Irritable Bowel Syndrome;Hypertension;Myocardial Infarction;Hand Dermatoses;Purpura;Rhinitis;Adenocarcinoma;Syphilis;Herpes Simplex;Leg Dermatoses;Autoimmune Diseases;Asthma
belching,Irritable Bowel Syndrome;Gastritis;Coronary Artery Disease;Gastroesophageal Reflux;Pharyngeal Diseases;Esophageal Diseases;Gastrointestinal Diseases;Esophagitis;Celiac Disease;Rumination Syndrome
gas pain,Vascular Diseases;Gout;Arthralgia;Rheumatic Heart Disease;Peritonitis;Coronary Artery Disease;Cystitis;Pneumatosis Cystoides Intestinalis;COVID-19;Gastrointestinal Microbiome;Pharyngitis;Intestinal Diseases;Substance-Related Disorders;Gastritis;Myocardial Infarction;Colitis;Chickenpox;Herpes Zoster;Bursitis;Thrombophilia;Diabetes Mellitus
heart failure,Rheumatic Heart Disease;Cardiovascular Agents;Calcinosis;Cardiovascular Diseases;Regeneration;Diabetes Mellitus, Type 2;Coronary Disease;Homeostasis;Cardio-Renal Syndrome;Asthma
hemiparesis,Spinal Cord Diseases;Aortic Dissection;Amyotrophic Lateral Sclerosis;Bell Palsy;Peroneal Neuropathies;Amyloidosis;Nervous System Diseases;Hemiplegia;Peripheral Nervous System Diseases;Spinal Diseases;Exanthema;Persian Gulf Syndrome;Gastric Dilatation;Vertebrobasilar Insufficiency;Facial Paralysis;Paraparesis;Hypertension;Klinefelter Syndrome;Multiple Sclerosis;Herpes Zoster;Gastroparesis
hemolysis,Gas Gangrene;Hemostasis;Polysaccharides;Malaria;Pre-Eclampsia;Blood Coagulation;Glucosephosphate Dehydrogenase Deficiency;Streptococcus pneumoniae;Hypertension;Plasmodium yoelii;HELLP Syndrome;Thrombosis;Methemoglobinemia
hepatic abscess,Chorioretinitis;Melioidosis;Cholangitis;Endophthalmitis;Meningitis;Common Variable Immunodeficiency;Skin Diseases;Thrombophlebitis;Parasitic Diseases;Echinococcosis;Amebiasis;Fascioliasis;Hypoglycemia;Neutropenia;Choledocholithiasis;Klebsiella pneumoniae;Klebsiella Infections;Entamoebiasis;Thrombocytopenia;Acidosis;Toxocariasis;Aspergillosis;Heart Diseases;Diabetes Mellitus;Thrombosis;Brain Diseases
hepatic dysfunction,Small Cell Lung Carcinoma;Liver Regeneration;Ichthyosis;Diabetes Mellitus, Type 2;Liver Cirrhosis;Hemangiosarcoma;Hepatitis C;COVID-19;Gastroesophageal Reflux;Polysaccharides;Hepatitis B virus;Mucormycosis;Liver Diseases;Blood Coagulation;Cholangiocarcinoma;Fascioliasis;Hepatitis B;Non-alcoholic Fatty Liver Disease;Gastrointestinal Microbiome
hilar lymphadenitis,Syndrome;Lymphadenitis;Sarcoidosis;Erythema Nodosum;Lymphatic Diseases;Lung Diseases;Lymphoma
hoarse voice,Chondrosarcoma;Coronary Stenosis;Calcinosis;Laryngeal Diseases;Ehlers-Danlos Syndrome;COVID-19;Multiple Myeloma;Gastroesophageal Reflux;Thyroid Neoplasms;Hyperparathyroidism, Secondary;Pharyngitis;Brachial Plexus Block;Tuberculosis;Virus Diseases;Facial Paralysis;Plasmacytoma;Laryngeal Neoplasms;Laryngostenosis;Thrombosis;Adenoids;Laryngismus;Laryngitis
hyperemia,Dry Eye Syndromes;Diabetes Mellitus, Type 2;Cardiovascular Diseases;Otitis Media;COVID-19;Vascular Diseases;Pulmonary Veins;Keratoconjunctivitis;Pseudotumor Cerebri;Scleritis;Conjunctivitis;Gastritis;Myocardial Infarction;Stomach Diseases;Hyperemia;Coronary Artery Disease;Anemia;Osteomyelitis;Non-alcoholic Fatty Liver Disease;Coronary Stenosis
hyperesthesia,Severe Acute Respiratory Syndrome;Nerve Compression Syndromes;Periodontitis;Discitis;Dentin Sensitivity;Gingival Recession;Spinal Stenosis;Periodontal Diseases;Dental Care
hypopyon,
hypothermia,Hypoglycemia;Myocardial Infarction;Hyperglycemia;Thrombocytopenia;Urinary Tract Infections;Hypertension;Brain Ischemia;Neuroinflammatory Diseases;Anemia;Virus Diseases;Hypotension
hypoxemia,Noscapine;Parkinson Disease;Aortic Dissection;Neurodegenerative Diseases;Myocardial Infarction;Diabetes Mellitus, Type 2;Toxoplasmosis;COVID-19;Apoptosis;Pyroptosis;Glioma;Homeostasis;Coma;Pneumonia
impaired coordination,Cerebellar Diseases;Cataract;Dystonia;Spinocerebellar Ataxias;Autism Spectrum Disorder;Ornithine Carbamoyltransferase Deficiency Disease;Spinocerebellar Degenerations;Hypogonadism;COVID-19;Xanthomatosis;Machado-Joseph Disease;CADASIL;Dystonic Disorders;Friedreich Ataxia;Cerebellar Ataxia;Nervous System Diseases;Encephalitis;Ataxia Telangiectasia;Neurodegenerative Diseases;Ocular Motility Disorders;Fragile X Syndrome;Cytomegalovirus Infections
impaired gag reflex,Multiple Sclerosis
inability to feed,
inibility to stand,
inability to swallow,
loss of appetite,Sarcina;Interoception;Gastrointestinal Neoplasms;Diabetes Mellitus, Type 2;Malnutrition;Anorexia Nervosa;COVID-19;Hallucinogens;Sarcopenia;Cachexia;Typhoid Fever;Intestinal Volvulus;Respiratory Distress Syndrome;Bulimia Nervosa;Gastritis;Binge-Eating Disorder;Depressive Disorder, Major;Motion Sickness;Gastrointestinal Microbiome
inflamed eyes,Dry Eye Syndromes;Stevens-Johnson Syndrome;Dacryocystitis;Pterygium;Lacrimal Apparatus Diseases;Eyelid Diseases;Autoimmune Diseases;Conjunctival Neoplasms;Sclera;Macular Degeneration;Conjunctival Diseases;Dermoid Cyst;Sjogren's Syndrome;Lacrimal Apparatus;Colitis;Scleritis;Conjunctivitis;Uveitis;Choroidal Neovascularization;Cytomegalovirus Infections
intestinal hypermotility,
joint symptom,
joint inflammation,Myositis;Atypical Hemolytic Uremic Syndrome;Arthritis;Calcinosis;Rheumatic Heart Disease;Osteoarthritis;Peripheral Nervous System Diseases;Regeneration;Sjogren's Syndrome;Psoriasis;Osteoarthritis, Knee;Gout;Hyperuricemia;Thymoma;Osteoarthritis, Hip;Glycosphingolipids;Janus Kinases;Sialoglycoproteins;Diabetic Nephropathies;Dysbiosis;Homeostasis;Gastrointestinal Microbiome
keratitis,Pythiosis;Dry Eye Syndromes;Herpes Simplex;Keratoconjunctivitis Sicca;Vitamin A Deficiency;Keratoconus;Conjunctiva;Keratitis;Corneal Diseases;Hidradenitis Suppurativa;Corneal Ulcer;Nocardia Infections;COVID-19;Retinal Vasculitis;Epstein-Barr Virus Infections;Sjogren's Syndrome;Liver Diseases;Keratoconjunctivitis;Fusariosis;Bronchiolitis Obliterans Syndrome;Glaucoma;Hyperemia;Aspergillosis;Cytomegalovirus Infections
lateroventral deviation of the head,
leg cramp,Cataract;Liver Diseases;Restless Legs Syndrome;Vascular Diseases;Spinal Stenosis;Venous Insufficiency
loss of balance,
loss of tendon reflex,Peripheral Nervous System Diseases;Face
vision symptom,
loss of vision,Anisometropia;Cataract;Dry Eye Syndromes;Amblyopia;Sphenoid Sinusitis;Keratoconus;Vitamin A Deficiency;Refractive Errors;Ocular Hypertension;Blindness;Ophthalmology;Retinopathy of Prematurity;COVID-19;Retinal Diseases;Macular Degeneration;Eye Diseases;Diabetic Retinopathy;Myopia;Diabetes Mellitus;Neurodegenerative Diseases;Glaucoma;Sinusitis;Renal Insufficiency;Antiphospholipid Syndrome;Strabismus
low birth weight,Hyperuricemia;Retinopathy of Prematurity;Tooth Eruption;Periodontitis;COVID-19;Pre-Eclampsia;Bronchopulmonary Dysplasia;Hydrocephalus;Gastrointestinal Microbiome
melena,Gastrointestinal Neoplasms;Jejunal Neoplasms;Adenocarcinoma;Strongyloidiasis;Arteriovenous Malformations;Gastric Outlet Obstruction;POEMS Syndrome;Telangiectasis;Lymphangioma;Lipoma;Intussusception;Vascular Diseases;COVID-19;Gastrointestinal Hemorrhage;Adenocarcinoma of Lung;Hypoproteinemia;Hepatic Encephalopathy;Duodenal Neoplasms;Teratoma;Pancytopenia;Liver Diseases;Hemangioma;Varicose Veins;Choriocarcinoma;Gastritis;Cholecystitis;Carcinoma;Adenoma;Anemia
bronchitis,Hypercholesterolemia;Keratoconjunctivitis Sicca;Bronchial Diseases;Respiratory Syncytial Virus Infections;Lupus Nephritis;Bronchiolitis Obliterans;Asthma;Pulmonary Fibrosis;Malnutrition;Bronchiolitis;COVID-19;Hypertension;Bronchitis;Adenocarcinoma of Lung;Respiratory Tract Diseases;Psoriasis;Respiration Disorders;Bronchiolitis Obliterans Syndrome;Diabetes Mellitus;Pneumonia;Pulmonary Emphysema;Rhinitis
mild bronchitis,Bronchiolitis, Viral;Bronchopneumonia;Cryptogenic Organizing Pneumonia;Castleman Disease;Respiratory Therapy;Myelodysplastic Syndromes;Bronchiolitis;Vitamin D Deficiency;COVID-19;Respiratory Syncytial Virus Infections;Bronchitis;Tracheitis;Pulmonary Atelectasis;Bronchiolitis Obliterans;Bronchiolitis Obliterans Syndrome;Virus Diseases;Pneumonia;Asthma
mild hypotension,Alzheimer Disease;Schizophrenia;Atrial Fibrillation;Cardiovascular System;Dementia;Parkinson Disease;Hyponatremia;Heart Diseases;Anorexia Nervosa;Hypertension;Postural Orthostatic Tachycardia Syndrome;COVID-19;Adrenal Insufficiency;Intracranial Arteriovenous Malformations;Angioedema;Hypoglycemia;Acidosis;Brain Ischemia;Hypotension;Pericardial Effusion;Cerebral Small Vessel Diseases;Serotonin Syndrome;Carotid Stenosis;Multiple System Atrophy;Anaphylaxis
tetanic convulsion,Epilepsy
mild tetanic convulsion,
motor weakness,Cardiovascular Diseases;COVID-19;Parkinson Disease;Psychotic Disorders;Cerebral Palsy;Cognition Disorders;Hodgkin Disease;Multiple System Atrophy;Sarcopenia;Dementia
mouth sore,Hereditary Autoinflammatory Diseases;Histoplasmosis;Cytomegalovirus Infections;Gastrointestinal Microbiome;Acquired Immunodeficiency Syndrome;Gingivitis;Periodontitis;Dental Caries;Simian Acquired Immunodeficiency Syndrome;Stomatitis;Cleft Lip;Pemphigus;Autoimmune Diseases;Depressive Disorder, Major;Candidiasis, Oral;Lip Diseases;Polycystic Ovary Syndrome;Adenocarcinoma;Tongue Diseases;Armillaria;Erythroplasia;Inflammatory Bowel Diseases;Cardiovascular Diseases;Syphilis;Mucositis;Exanthema;Behcet Syndrome;Mouth Diseases;Neutropenia;Erythema Multiforme;Virus Diseases
muscle ache,Muscular Diseases;Exanthema;Cartilage Diseases;COVID-19;Hypokalemic Periodic Paralysis;Typhoid Fever;Fibromyalgia;Connective Tissue Diseases;Thyrotoxicosis;Myositis;Rheumatic Diseases;Nervous System Diseases;Osteoarthritis;Cyclosporins;Brucellosis
muscle soreness,Muscular Diseases;Exanthema;Cartilage Diseases;COVID-19;Hypokalemic Periodic Paralysis;Typhoid Fever;Fibromyalgia;Connective Tissue Diseases;Thyrotoxicosis;Myositis;Rheumatic Diseases;Nervous System Diseases;Osteoarthritis;Cyclosporins;Brucellosis
muscle tenderness,Muscular Diseases;Exanthema;Cartilage Diseases;COVID-19;Hypokalemic Periodic Paralysis;Typhoid Fever;Fibromyalgia;Connective Tissue Diseases;Thyrotoxicosis;Myositis;Rheumatic Diseases;Nervous System Diseases;Osteoarthritis;Cyclosporins;Brucellosis
muscle necrosis,Muscular Diseases;Regeneration;Myocardial Infarction;Homeostasis;Cerebral Infarction;Pyroptosis;Mitral Valve Insufficiency;Autoimmune Diseases;ST Elevation Myocardial Infarction;Heart Aneurysm;Diabetes Mellitus, Type 1;Myositis;Apoptosis;Osteonecrosis
neck weakness,COVID-19;Diabetes Mellitus, Type 2;Malnutrition;Olfaction Disorders;Hypertension;Guillain-Barre Syndrome;Meningeal Neoplasms;Sinusitis;Sarcopenia;Pituitary Neoplasms;Paranasal Sinus Neoplasms;Spinal Cord Diseases
neurological dysfunction,
night sweats,Cardiovascular Diseases;Alzheimer Disease;Autonomic Nervous System Diseases;COVID-19;Hyperhidrosis;Urologic Diseases;Mediastinal Diseases;Empathy;Infertility
nystagmus,Cataract;Ataxia Telangiectasia;Trochlear Nerve Diseases;Exotropia;Hypopigmentation;Korsakoff Syndrome;Myasthenia Gravis;Nephrotic Syndrome;Thalassemia;Duane Retraction Syndrome;Facial Paralysis;Ophthalmology;Infratentorial Neoplasms;Ophthalmoplegia;Teratoma;Strabismus;Benign Paroxysmal Positional Vertigo;Neurodegenerative Diseases;Aphakia;Alstrom Syndrome;Cerebellar Ataxia;Siderosis;Ocular Motility Disorders;Wernicke Encephalopathy;Refractive Errors;Epilepsy;Creutzfeldt-Jakob Syndrome;Myopia;Paraplegia
occasional diplopia,Scoliosis;Central Nervous System Diseases;Ethmoid Sinus;Strabismus;Retinal Detachment;Frontal Sinus
limb edema,Rhinitis;Elephantiasis;Lymphedema;Cellulitis;Fasciitis;Hypertension;Osteoarthritis, Knee;Dermatomyositis;Thrombosis;Venous Insufficiency;Complex Regional Pain Syndromes;Sinusitis;Osteochondritis Dissecans;Compartment Syndromes;Hypothyroidism;Osteoarthritis, Hip;Diabetes Mellitus;Arthralgia;Drug Hypersensitivity Syndrome;Vascular Diseases;Bone Marrow Diseases;May-Thurner Syndrome;Peripheral Arterial Disease
slurred speech,Astrocytoma;Laryngeal Diseases;Brain Ischemia;Sarcoidosis
painful lymph glands,
palpebral edema,Cellulitis;Paranasal Sinuses;Meningeal Neoplasms;Brain Diseases;Ectropion;Sarcoidosis;Precursor B-Cell Lymphoblastic Leukemia-Lymphoma;Purpura;Meningioma;Conjunctivitis;Gas Gangrene;Serositis;COVID-19;Anisakiasis;Precursor Cell Lymphoblastic Leukemia-Lymphoma;Uremia;Blepharoptosis;Mycosis Fungoides;Sheep Diseases;Mikulicz' Disease;Anisakis;Infectious Mononucleosis;Entropion;Exophthalmos;Ophthalmoplegia;Conjunctival Diseases;Eyelid Neoplasms;Sjogren's Syndrome;Blepharoplasty;Panophthalmitis;Histiocytosis;Rosacea;Angioedema;Myasthenia Gravis;Eyelid Diseases;Pterygium
panting respiration,Asthma;Heat Stress Disorders;COVID-19
papule,
lip paralysis,Myelitis;Blepharoplasty;Exanthema;COVID-19;Bell Palsy;Goldenhar Syndrome;Melkersson-Rosenthal Syndrome;Peripheral Nervous System Diseases;Ophthalmoplegia;Cleft Palate;Facial Paralysis;Brown-Sequard Syndrome;Sjogren's Syndrome;Lymphomatoid Papulosis
throat muscle paralysis,
paraplegia,Hereditary Sensory and Motor Neuropathy;Granulomatosis with Polyangiitis;Peripheral Nervous System Diseases;Adrenoleukodystrophy;Brown-Sequard Syndrome;Aortic Dissection;Adrenal Insufficiency;Homocystinuria;Spinal Cord Diseases;COVID-19;Thrombosis;Schizophrenia;Occupational Therapy;Neuromyelitis Optica;Autoimmune Diseases;Nervous System Diseases;Churg-Strauss Syndrome;Neurodegenerative Diseases;Spinal Cord Ischemia;Sjogren's Syndrome;Cerebellar Ataxia;Diabetes Mellitus;Diabetes Mellitus, Type 2;Psychotic Disorders;Vascular Diseases;Bone Marrow Diseases;Cerebellar Diseases;Empathy;Paraplegia
parotid abscess,Temporomandibular Joint;COVID-19;Parotitis;Face;Gastrointestinal Diseases;Subcutaneous Tissue;Candidiasis;Rare Diseases
peripheral muscle weakness,Coronary Disease;Motor Disorders;Parkinson Disease;Malnutrition;Peripheral Nervous System Diseases;Beriberi;Polymyositis;Charcot-Marie-Tooth Disease;Peroneal Neuropathies;Klinefelter Syndrome;Autonomic Nervous System Diseases;Respiratory Tract Diseases;Hereditary Sensory and Autonomic Neuropathies;COVID-19;Thoracic Diseases;Atherosclerosis;Sciatic Neuropathy;Facial Paralysis;Myositis;Thiamine Deficiency;Miller Fisher Syndrome;Autoimmune Diseases;Polyneuropathies;Brachial Plexus Neuropathies;Herpes Zoster;Polyarteritis Nodosa;Neurodegenerative Diseases;Hemiplegia;Guillain-Barre Syndrome;Neuromuscular Agents;Mononeuropathies;Muscular Diseases;Brucellosis;Exanthema;Papilledema;Brachial Plexus Neuritis;Bronchiectasis;Anosmia;Hodgkin Disease;Hypoglossal Nerve Diseases;Glycogen Storage Disease Type II;Hypokalemia;Myasthenia Gravis;Neuromuscular Diseases;Polyradiculoneuropathy;Peripheral Arterial Disease
phlegm,
pneumonitis,Esophageal Achalasia;Asthma;Lipopolysaccharides;COVID-19;Respiratory Syncytial Virus Infections;Diabetes Mellitus;Malaria;Comorbidity;Bronchiolitis;Diabetes Mellitus, Type 1;Lymphopenia;Cytokine Release Syndrome;Myositis;Empathy
poor feeding,
phlebitis,Thrombophlebitis;Klebsiella Infections;Lemierre Syndrome;Coronary Thrombosis;Sialadenitis;Varicose Veins;COVID-19;Antiphospholipid Syndrome;Hypoglycemia;Thoracic Neoplasms;Arteritis;Central Nervous System Infections;Ear Diseases;Postthrombotic Syndrome;Thrombocytopenia;Endometritis;Endocarditis;Puerperal Infection;Cholesteatoma, Middle Ear;Appendicitis;Phlebitis;Osteomyelitis;Pulmonary Embolism
postphlebitic ulcer,Joint Diseases;Postthrombotic Syndrome;Vascular Diseases;May-Thurner Syndrome;Varicose Veins
premature labor,Hyperuricemia;Respiratory Distress Syndrome, Newborn;COVID-19;Respiratory Syncytial Virus Infections;Hyperglycemia;Diabetes Mellitus, Type 2;Cerebral Palsy;Diabetes Mellitus, Type 1;Gastrointestinal Microbiome;Leiomyoma;alpha 1-Antitrypsin;Periodontitis;Pre-Eclampsia
profound weakness,Malnutrition;Heart Diseases;Intellectual Disability;COVID-19
emaciation,Leukemia;Malnutrition;Hypothalamic Diseases;Germinoma;Dog Diseases;Flea Infestations;Cattle Diseases;Ctenocephalides;Inflammatory Bowel Diseases;Pituitary Diseases;Anorexia Nervosa;Fish Diseases;Cat Diseases
progressive emaciation,Dog Diseases;Flea Infestations;Cattle Diseases;Ctenocephalides;Trypanosoma;Diencephalon;Sheep Diseases;Cat Diseases
progressive prostration,
progressive weakness,"Malnutrition;Multiple Myeloma;Sarcopenia;COVID-19;Diabetes Mellitus, Type 2;Diabetes Mellitus;Alzheimer Disease;Osteoporosis;Parkinson Disease;Dementia;Apathy;Cardiovascular Diseases;Muscular Diseases;Aortic Valve Stenosis;Idiopathic Pulmonary Fibrosis;Anxiety Disorders;Lymphoma;Urban Population"
prostate symptom,
prostatic abscess,"Spermatic Cord Torsion;Brucella;Klebsiella Infections;Candidiasis;Epidural Abscess;Agammaglobulinemia;Respiratory Distress Syndrome;Chronic Periodontitis;Dog Diseases;Diabetes Mellitus, Type 2;Discitis;Blastomycosis;Spinal Cord Diseases;Prostatitis;Urinary Tract Infections;Endocarditis;Myositis;Endophthalmitis;Osteomyelitis;Adenocarcinoma, Mucinous;Diabetes Mellitus;Pneumonia;Prostatic Diseases;Tuberculosis"
prostatic infection,Lyme Disease;Pyelonephritis;Biliary Tract Neoplasms;Bacteriuria;Hypertension;Melanoma;Cryptococcosis;Spinal Cord Diseases;Prostatitis;Urinary Tract Infections;Cytomegalovirus Infections;Epstein-Barr Virus Infections;Pelvic Inflammatory Disease;Cystitis;Meningoencephalitis;Erysipelas;Diabetes Mellitus;Pneumonia;COVID-19;Intestinal Obstruction;Prostatic Diseases;Tuberculosis
proteinuria,"Diabetes Mellitus, Type 1;Dent Disease;Nephrotic Syndrome;Dysbiosis;Diabetic Nephropathies;Diabetes Mellitus, Type 2;Hypertension;Calcinosis;Diabetes Mellitus;Lupus Nephritis;Gastrointestinal Microbiome;Diabetic Angiopathies;Thrombosis;Glomerulonephritis, IGA;Cardiovascular Diseases;Kidney Diseases;Glomerulonephritis;Proteinuria"
proximal paralysis of arm and leg,
ptosis,Myositis;Horse Diseases;Blepharoplasty;Rectal Prolapse;Autonomic Nervous System Diseases;Muir-Torre Syndrome;Ophthalmoplegia;Myasthenia Gravis;Hemorrhoids;Fuchs' Endothelial Dystrophy;Neurodegenerative Diseases;Blepharoptosis;Eyelid Diseases;Vaginal Discharge;Sebaceous Gland Neoplasms
renal abscess,"Periodontal Abscess;Klebsiella Infections;Pyelonephritis;Epidural Abscess;Melioidosis;Vasculitis;Glomerulonephritis;Lung Abscess;Brain Diseases;Diabetes Mellitus, Type 2;Pericardial Effusion;Mediastinitis;Gastrointestinal Diseases;Discitis;Splenic Diseases;Urinary Tract Infections;Pyoderma Gangrenosum;Peritoneal Diseases;Pulmonary Embolism;Typhoid Fever;Nephritis;Vesico-Ureteral Reflux;Granulomatosis with Polyangiitis;Hepatitis B;Hepatitis C;Kidney Diseases;Ureteral Obstruction;Endophthalmitis;Meningitis;Myocarditis;Osteomyelitis;Intestinal Fistula;Atrial Fibrillation;Diabetes Mellitus;Pancreatitis;Endocarditis"
respiratory paralysis,Peripheral Nervous System Diseases;Thoracic Diseases;Botulism;Guillain-Barre Syndrome;Brachial Plexus Neuritis;Neurofibroma;Calcinosis;Brachial Plexus Block;Respiration Disorders;Spinal Cord Diseases;COVID-19;Diaphragmatic Eventration
rhinorrhea,Rhinorrhea;Common Cold;Hydranencephaly;Intracranial Hypertension;Cleft Lip;Rhinosporidiosis;Frontal Sinus;Sinusitis;Nose Diseases;Pseudotumor Cerebri;Olfaction Disorders;Cleft Palate;Paranasal Sinuses;Rhinosinusitis;Paranasal Sinus Neoplasms;Sphenoid Sinus;Nasal Obstruction;Meningocele;Pharyngitis;Respiratory Syncytial Virus Infections;Rhinitis;COVID-19
salivation,Sialorrhea;Nervous System Diseases;Neurodegenerative Diseases;Submandibular Gland;Cerebral Palsy;Parkinson Disease;Amyotrophic Lateral Sclerosis;Cushing Syndrome;COVID-19
scrotal abscess,Appendicitis;Urethral Diseases;Spermatic Cord Torsion;Brucella;Brucellosis;Peritonitis;Klebsiella Infections;Clostridioides difficile;Orchitis;Epididymitis;Blastomycosis;Plasmablastic Lymphoma;Urethral Stricture;Urinary Tract Infections;Peritoneal Diseases
severe abdominal cramp,Colitis;Coronary Vasospasm;Gallbladder Diseases;Clostridioides difficile;Acidosis;Gastrointestinal Diseases;Gastrointestinal Microbiome;Ileus;Cerebrovascular Disorders;Cholangitis;Cecal Diseases;Duodenal Diseases;Horse Diseases;Bile Duct Diseases;Premenstrual Syndrome;Colonic Diseases;Acquired Immunodeficiency Syndrome;Choledocholithiasis;COVID-19
severe diarrhea,Colitis;Gastroenteritis;Celiac Disease;Inflammatory Bowel Diseases;Gastrostomy;Dog Diseases;Gastrointestinal Diseases;Dysentery;Cholera;Gastrointestinal Microbiome;Coronavirus Infections;Malnutrition;Pneumonia;Neutropenia;Intestinal Diseases;Swine Diseases;Hair Diseases;Cat Diseases;Campylobacter;Vitamin D Deficiency;Enteritis;Intestinal Fistula;Lupus Nephritis;Antidiarrheals;Pancreatitis;Diarrhea;COVID-19;Irritable Bowel Syndrome
severe myalgia,"Fibromyalgia;Exanthema;Ehlers-Danlos Syndrome;Polymyalgia Rheumatica;Chikungunya Fever;Pemphigus;Depressive Disorder, Major;Musculoskeletal System;Rheumatic Diseases;Arthralgia;Encephalitis;Hypokalemia;Chikungunya virus;Connective Tissue Diseases;Trichinellosis;Muscular Diseases;Myositis;Nervous System Diseases;Pharyngitis;Autoimmune Diseases;COVID-19"
spleen abscess,Embolism;Klebsiella Infections;Clostridioides difficile;Inflammatory Bowel Diseases;Candidiasis;Melioidosis;Lymphoma;Gastrointestinal Diseases;Splenic Diseases;Mycobacterium tuberculosis;Musculoskeletal Diseases;Klebsiella pneumoniae;Endocarditis;Typhoid Fever;Intestinal Diseases;Myositis;Atrioventricular Block;Primary Myelofibrosis;Precursor Cell Lymphoblastic Leukemia-Lymphoma;Crohn Disease;Peritonitis;Behcet Syndrome;Tuberculosis;Diabetes Mellitus;Lymphangioma;Pancreatic Diseases;Echinococcosis;COVID-19;Prostatic Diseases;Hepatitis
staggering gait,Coma;Encephalitis
stiff neck,Fibromyalgia;Horse Diseases;Spondylosis;Meningitis;Ameloblastoma;Calcinosis;Myofascial Pain Syndromes;Kyphosis;Musculoskeletal Diseases;Chondrocalcinosis
neck symptom,
throat symptom,
mouth symptom,
head symptom,
nose symptom,
stupor,Retinal Diseases;Mydriasis;Nervous System Diseases;Strabismus;Graves Ophthalmopathy;Ophthalmoplegia;COVID-19;Exophthalmos;Substance-Related Disorders;Glaucoma
thyroid symptom,
thyroid abscesses,Granulomatous Mastitis;Actinomycosis;Dog Diseases;Pharyngeal Diseases;Orbital Cellulitis;Mastitis;Brucellosis;Adenoma;Thyrotoxicosis;Thyroid Diseases;Thyroiditis;Graves Disease;Thyroid Neoplasms;Carcinosarcoma;Brucella melitensis;Vasculitis;Glomerulonephritis
ear symptom,
tinnitus,Intracranial Hypertension;Hypertriglyceridemia;Hydrocephalus;Polymyositis;Meniere Disease;Pseudotumor Cerebri;Diabetes Mellitus;Dermatomyositis;Cochlea;COVID-19;Takayasu Arteritis
muscle twitching,Muscular Diseases;Migraine with Aura;Radiculopathy;Encephalitis;Succinylcholine;Facial Nerve Diseases;Hereditary Sensory and Autonomic Neuropathies;Peroneal Neuropathies;Motor Neuron Disease;Polyneuropathies;Amyotrophic Lateral Sclerosis;Neuromuscular Agents;Epilepsy;Multiple Sclerosis;COVID-19;Poliomyelitis;Neuromuscular Diseases
facial muscle twitching,Multiple Sclerosis;Facial Nerve Diseases;Amyotrophic Lateral Sclerosis
mydriasis,"Ophthalmology;Migraine with Aura;Strabismus;Herpes Zoster Ophthalmicus;Astigmatism;Diabetic Retinopathy;Diabetes Mellitus, Type 1;Diabetes Mellitus, Type 2;Hypertension;Lens Subluxation;Cataract;Blepharoptosis;Hyperhidrosis;Aphakia;Ectropion;Optic Neuritis;Glossopharyngeal Nerve Diseases;Pupil Disorders;Trigeminal Neuralgia;Eye Diseases;Substance-Related Disorders;Cat Diseases;Glaucoma;Corneal Edema;Mydriasis;Ophthalmoplegia;Iris Diseases;Miller Fisher Syndrome;Diabetes Mellitus;Coloboma;Myopia"
unreactive mydriasis,
vaginal discharge,Ketosis;Hydrocephalus;Gonorrhea;Klebsiella Infections;Endometritis;Endometriosis;Uterine Diseases;Liver Diseases;Small Cell Lung Carcinoma;Vaginal Discharge;Cattle Diseases;Chlamydia Infections;Infertility;Carcinoma;Pelvic Inflammatory Disease;Bacteria;Myositis;Adenocarcinoma in Situ;Vaginitis;Trichomonas vaginalis;Leukorrhea
vertigo,Fabry Disease;Hydrocephalus;Polymyositis;Labyrinthitis;Takayasu Arteritis;Vestibular Diseases;Sarcopenia;Hypertension;Benign Paroxysmal Positional Vertigo;Vestibular Neuronitis;Meniere Disease;Myxoma;Coping Skills;Lateral Medullary Syndrome;Serotonin Syndrome;Vitamin D Deficiency;Autonomic Nervous System Diseases;Parkinson Disease;Mitral Valve Insufficiency;Dermatomyositis;COVID-19
weak cry,
